expend_item_no;IOT;Category_no;Subcategory_no;5
111000;104;1;1;
111001;104;1;1;
111002;104;1;1;
111003;104;1;1;
111004;104;1;1;
111005;104;1;1;
111006;104;1;1;
111007;104;1;1;
111008;104;1;1;
111009;104;1;1;
111010;104;1;1;
111011;104;1;1;
111012;104;1;1;
111013;104;1;1;
111014;104;1;1;
111015;104;1;1;
111016;104;1;1;
111017;104;1;1;
111018;104;1;1;
111019;104;1;1;
111020;104;1;1;
111021;104;1;1;
111022;104;1;1;
111023;104;1;1;
111024;104;1;1;
111025;104;1;1;
111026;104;1;1;
111027;104;1;1;
111028;104;1;1;
111099;104;1;1;
111100;104;1;1;
111101;104;1;1;
111102;104;1;1;
111103;104;1;1;
111104;104;1;1;
111105;104;1;1;
111106;104;1;1;
111107;104;1;1;
111108;104;1;1;
111109;104;1;1;
111110;104;1;1;
111111;104;1;1;
111112;104;1;1;
111113;104;1;1;
111114;104;1;1;
111115;104;1;1;
111116;104;1;1;
111117;104;1;1;
111118;104;1;1;
111119;104;1;1;
111120;104;1;1;
111121;104;1;1;
111122;104;1;1;
111123;104;1;1;
111124;104;1;1;
111125;104;1;1;
111126;104;1;1;
111197;104;1;1;
111198;104;1;1;
111199;104;1;1;
111200;102;1;1;
111201;102;1;1;
111202;102;1;1;
111203;102;1;1;
111204;102;1;1;
111205;102;1;1;
111206;102;1;1;
111207;102;1;1;
111208;102;1;1;
111209;102;1;1;
111210;102;1;1;
111211;102;1;1;
111212;100;1;1;
111213;102;1;1;
111299;102;1;1;
111300;105;1;1;
111301;105;1;1;
111302;105;1;1;
111303;105;1;1;
111304;105;1;1;
111305;105;1;1;
111306;105;1;1;
111307;105;1;1;
111308;105;1;1;
111309;105;1;1;
111310;105;1;1;
111399;105;1;1;
111400;101;1;1;
111401;101;1;1;
111402;101;1;1;
111403;101;1;1;
111404;101;1;1;
111405;101;1;1;
111406;101;1;1;
111407;101;1;1;
111408;101;1;1;
111409;101;1;1;
111499;101;1;1;
111500;10;1;1;
111501;9;1;1;
111502;10;1;1;
111503;8;1;1;
111504;10;1;1;
111505;10;1;1;
111506;10;1;1;
111507;10;1;1;
111508;10;1;1;
111509;10;1;1;
111510;6;1;1;
111511;6;1;1;
111512;10;1;1;
111513;10;1;1;
111514;5;1;1;
111515;10;1;1;
111516;10;1;1;
111517;10;1;1;
111518;102;1;1;
111519;102;1;1;
111520;43;1;1;
111521;4;1;1;
111599;10;1;1;
112000;83;1;2;
112001;83;1;2;
112002;83;1;2;
112003;83;1;2;
112004;83;1;2;
112005;83;1;2;
112006;83;1;2;
112007;83;1;2;
112008;83;1;2;
112009;83;1;2;
112010;83;1;2;
112011;83;1;2;
112012;83;1;2;
112013;83;1;2;
112014;83;1;2;
112015;83;1;2;
112016;83;1;2;
112017;83;1;2;
112098;83;1;2;
112099;83;1;2;
112100;84;1;2;
112101;84;1;2;
112102;84;1;2;
112103;84;1;2;
112104;84;1;2;
112105;84;1;2;
112106;84;1;2;
112107;84;1;2;
112108;84;1;2;
112109;84;1;2;
112110;84;1;2;
112111;84;1;2;
112112;84;1;2;
112113;84;1;2;
112114;84;1;2;
112115;84;1;2;
112116;84;1;2;
112199;84;1;2;
112200;85;1;2;
112201;85;1;2;
112202;85;1;2;
112203;85;1;2;
112204;85;1;2;
112205;85;1;2;
112206;85;1;2;
112299;85;1;2;
112300;86;1;2;
112301;86;1;2;
112302;86;1;2;
112303;86;1;2;
112304;86;1;2;
112305;86;1;2;
112306;86;1;2;
112307;86;1;2;
112308;86;1;2;
112309;86;1;2;
112310;86;1;2;
112311;86;1;2;
112312;86;1;2;
112313;86;1;2;
112314;86;1;2;
112315;86;1;2;
112316;86;1;2;
112317;86;1;2;
112318;86;1;2;
112319;86;1;2;
112320;86;1;2;
112321;86;1;2;
112322;86;1;2;
112323;86;1;2;
112397;86;1;2;
112398;86;1;2;
112399;86;1;2;
112400;85;1;2;
112401;85;1;2;
112402;85;1;2;
112403;85;1;2;
112404;85;1;2;
112405;85;1;2;
112406;85;1;2;
112407;85;1;2;
112408;85;1;2;
112409;85;1;2;
112410;85;1;2;
112411;85;1;2;
112412;85;1;2;
112498;85;1;2;
112499;85;1;2;
112500;87;1;2;
112501;87;1;2;
112502;87;1;2;
112503;87;1;2;
112504;87;1;2;
112505;87;1;2;
112506;87;1;2;
112507;87;1;2;
112508;87;1;2;
112509;87;1;2;
112510;87;1;2;
112511;87;1;2;
112512;87;1;2;
112513;87;1;2;
112514;87;1;2;
112515;87;1;2;
112516;87;1;2;
112517;87;1;2;
112518;87;1;2;
112519;87;1;2;
112520;87;1;2;
112521;87;1;2;
112522;87;1;2;
112523;87;1;2;
112524;87;1;2;
112525;87;1;2;
112526;87;1;2;
112527;87;1;2;
112528;87;1;2;
112529;87;1;2;
112530;87;1;2;
112531;87;1;2;
112532;87;1;2;
112533;87;1;2;
112534;87;1;2;
112535;87;1;2;
112598;87;1;2;
112599;87;1;2;
113000;71;1;2;
113001;71;1;3;
113002;71;1;3;
113003;71;1;3;
113004;70;1;3;
113005;71;1;3;
113006;71;1;3;
113007;71;1;3;
113008;71;1;3;
113009;71;1;3;
113010;71;1;3;
113011;71;1;3;
113012;71;1;3;
113013;71;1;3;
113014;71;1;3;
113015;71;1;3;
113016;71;1;3;
113017;71;1;3;
113018;71;1;3;
113019;71;1;3;
113020;71;1;3;
113021;73;1;3;
113022;71;1;3;
113023;71;1;3;
113024;71;1;3;
113025;71;1;3;
113026;71;1;3;
113027;71;1;3;
113099;71;1;3;
113100;92;1;3;
113101;92;1;3;
113102;92;1;3;
113103;92;1;3;
113104;92;1;3;
113105;92;1;3;
113106;92;1;3;
113107;89;1;3;
113108;89;1;3;
113109;92;1;3;
113110;92;1;3;
113111;92;1;3;
113199;92;1;3;
113200;69;1;3;
113201;69;1;3;
113202;69;1;3;
113203;69;1;3;
113204;69;1;3;
113205;69;1;3;
113206;69;1;3;
113207;69;1;3;
113208;69;1;3;
113209;69;1;3;
113210;69;1;3;
113211;69;1;3;
113212;69;1;3;
113213;69;1;3;
113214;69;1;3;
113215;69;1;3;
113299;69;1;3;
113300;88;1;3;
113301;88;1;3;
113302;88;1;3;
113303;88;1;3;
113304;88;1;3;
113399;88;1;3;
114000;98;1;4;
114001;98;1;4;
114002;98;1;4;
114003;98;1;4;
114004;98;1;4;
114005;98;1;4;
114006;98;1;4;
114007;98;1;4;
114008;98;1;4;
114009;98;1;4;
114010;98;1;4;
114011;98;1;4;
114012;98;1;4;
114013;98;1;4;
114014;98;1;4;
114099;98;1;4;
114100;98;1;4;
114101;98;1;4;
114102;98;1;4;
114103;98;1;4;
114104;98;1;4;
114105;98;1;4;
114106;98;1;4;
114107;98;1;4;
114108;98;1;4;
114109;98;1;4;
114110;98;1;4;
114111;98;1;4;
114112;98;1;4;
114199;98;1;4;
114200;99;1;4;
114201;99;1;4;
114202;99;1;4;
114203;99;1;4;
114204;99;1;4;
114299;99;1;4;
114300;99;1;4;
114301;99;1;4;
114302;99;1;4;
114303;99;1;4;
114304;99;1;4;
114305;99;1;4;
114306;99;1;4;
114307;99;1;4;
114308;99;1;4;
114309;99;1;4;
114310;99;1;4;
114311;99;1;4;
114312;99;1;4;
114313;99;1;4;
114398;99;1;4;
114399;99;1;4;
114400;61;1;4;
114401;61;1;4;
114402;61;1;4;
114403;61;1;4;
114404;61;1;4;
114405;61;1;4;
114406;61;1;4;
114499;61;1;4;
115000;95;1;5;
115001;95;1;5;
115002;95;1;5;
115003;95;1;5;
115004;95;1;5;
115005;95;1;5;
115006;95;1;5;
115007;95;1;5;
115008;95;1;5;
115009;95;1;5;
115010;95;1;5;
115011;95;1;5;
115012;95;1;5;
115013;95;1;5;
115099;95;1;5;
115100;96;1;5;
115101;96;1;5;
115102;96;1;5;
115103;96;1;5;
115104;96;1;5;
115105;96;1;5;
115106;96;1;5;
115107;96;1;5;
115108;96;1;5;
115109;96;1;5;
115110;96;1;5;
115199;96;1;5;
116000;41;1;6;
116001;41;1;6;
116002;30;1;6;
116003;41;1;6;
116004;41;1;6;
116005;41;1;6;
116006;41;1;6;
116007;41;1;6;
116008;41;1;6;
116009;41;1;6;
116010;41;1;6;
116011;41;1;6;
116012;41;1;6;
116013;41;1;6;
116014;41;1;6;
116015;41;1;6;
116016;41;1;6;
116017;41;1;6;
116018;41;1;6;
116019;41;1;6;
116020;41;1;6;
116021;41;1;6;
116022;41;1;6;
116023;41;1;6;
116024;41;1;6;
116025;41;1;6;
116026;41;1;6;
116027;41;1;6;
116028;41;1;6;
116029;41;1;6;
116030;41;1;6;
116031;41;1;6;
116032;41;1;6;
116033;41;1;6;
116034;41;1;6;
116035;41;1;6;
116036;35;1;6;
116037;35;1;6;
116038;35;1;6;
116039;41;1;6;
116040;37;1;6;
116041;31;1;6;
116042;40;1;6;
116043;41;1;6;
116044;38;1;6;
116045;41;1;6;
116046;41;1;6;
116047;39;1;6;
116048;41;1;6;
116049;36;1;6;
116050;41;1;6;
116051;41;1;6;
116052;41;1;6;
116053;41;1;6;
116054;41;1;6;
116055;41;1;6;
116056;32;1;6;
116057;41;1;6;
116058;41;1;6;
116059;41;1;6;
116060;41;1;6;
116061;33;1;6;
116062;41;1;6;
116063;41;1;6;
116064;1;1;6;
116065;1;1;6;
116066;27;1;6;
116067;41;1;6;
116068;41;1;6;
116069;34;1;6;
116070;41;1;6;
116071;41;1;6;
116072;41;1;6;
116073;41;1;6;
116074;41;1;6;
116075;41;1;6;
116076;41;1;6;
116077;41;1;6;
116099;41;1;6;
116100;45;1;6;
116101;45;1;6;
116102;45;1;6;
116103;45;1;6;
116104;45;1;6;
116105;45;1;6;
116106;45;1;6;
116107;45;1;6;
116108;45;1;6;
116109;45;1;6;
116110;45;1;6;
116111;45;1;6;
116112;45;1;6;
116113;45;1;6;
116114;45;1;6;
116115;45;1;6;
116116;45;1;6;
116117;45;1;6;
116118;45;1;6;
116119;45;1;6;
116120;45;1;6;
116121;45;1;6;
116122;45;1;6;
116123;45;1;6;
116124;45;1;6;
116125;45;1;6;
116198;45;1;6;
116199;45;1;6;
117000;29;1;7;
117001;29;1;7;
117002;29;1;7;
117003;29;1;7;
117004;29;1;7;
117005;29;1;7;
117006;29;1;7;
117007;29;1;7;
117008;29;1;7;
117009;29;1;7;
117010;19;1;7;
117011;29;1;7;
117012;26;1;7;
117013;26;1;7;
117014;26;1;7;
117015;29;1;7;
117016;29;1;7;
117017;29;1;7;
117018;29;1;7;
117019;29;1;7;
117020;29;1;7;
117021;29;1;7;
117022;29;1;7;
117023;29;1;7;
117024;29;1;7;
117025;29;1;7;
117026;29;1;7;
117027;20;1;7;
117028;20;1;7;
117029;29;1;7;
117030;29;1;7;
117031;29;1;7;
117032;29;1;7;
117033;29;1;7;
117034;28;1;7;
117035;29;1;7;
117036;29;1;7;
117037;29;1;7;
117038;21;1;7;
117039;29;1;7;
117040;29;1;7;
117041;29;1;7;
117042;29;1;7;
117043;29;1;7;
117044;29;1;7;
117045;29;1;7;
117099;29;1;7;
117100;23;1;7;
117101;24;1;7;
117102;24;1;7;
117103;22;1;7;
117104;22;1;7;
117105;23;1;7;
117106;23;1;7;
117107;44;1;7;
117199;23;1;7;
117200;18;1;7;
117201;18;1;7;
117202;18;1;7;
117203;18;1;7;
117204;16;1;7;
117205;16;1;7;
117206;16;1;7;
117207;16;1;7;
117208;16;1;7;
117209;16;1;7;
117210;16;1;7;
117211;16;1;7;
117212;16;1;7;
117213;16;1;7;
117214;17;1;7;
117299;18;1;7;
117300;29;1;7;
117301;29;1;7;
117302;29;1;7;
117303;24;1;7;
117304;24;1;7;
117305;26;1;7;
117306;29;1;7;
117307;29;1;7;
117308;29;1;7;
117309;22;1;7;
117310;22;1;7;
117311;29;1;7;
117312;29;1;7;
117313;23;1;7;
117314;23;1;7;
117315;102;1;7;
117316;102;1;7;
117317;102;1;7;
117318;29;1;7;
117319;29;1;7;
117320;25;1;7;
117321;29;1;7;
117322;22;1;7;
117323;25;1;7;
117324;29;1;7;
117325;29;1;7;
117326;43;1;7;
117327;29;1;7;
117328;29;1;7;
117329;29;1;7;
117330;29;1;7;
117331;29;1;7;
117397;29;1;7;
117398;29;1;7;
117399;29;1;7;
118000;106;1;8;
118001;106;1;8;
118002;106;1;8;
118003;106;1;8;
118004;106;1;8;
118005;106;1;8;
118006;106;1;8;
118007;106;1;8;
118008;106;1;8;
118009;106;1;8;
118010;106;1;8;
118099;106;1;8;
118100;106;1;8;
118101;106;1;8;
118102;106;1;8;
118103;106;1;8;
118104;106;1;8;
118105;106;1;8;
118106;106;1;8;
118107;106;1;8;
118108;106;1;8;
118109;106;1;8;
118110;106;1;8;
118111;106;1;8;
118112;106;1;8;
118113;106;1;8;
118199;106;1;8;
118200;106;1;8;
118201;106;1;8;
118202;106;1;8;
118203;106;1;8;
118204;106;1;8;
118205;106;1;8;
118206;106;1;8;
118299;106;1;8;
118300;109;1;8;
118301;109;1;8;
118302;109;1;8;
118303;108;1;8;
118304;109;1;8;
118305;109;1;8;
118306;109;1;8;
118307;108;1;8;
118308;109;1;8;
118309;109;1;8;
118310;109;1;8;
118311;109;1;8;
118312;109;1;8;
118313;109;1;8;
118314;109;1;8;
118315;109;1;8;
118316;109;1;8;
118317;109;1;8;
118318;109;1;8;
118319;108;1;8;
118320;108;1;8;
118321;108;1;8;
118399;109;1;8;
119000;112;1;9;
119001;112;1;9;
119002;112;1;9;
119003;112;1;9;
119004;112;1;9;
119005;112;1;9;
119006;112;1;9;
119007;112;1;9;
119008;112;1;9;
119009;112;1;9;
119010;112;1;9;
119011;112;1;9;
119012;112;1;9;
119013;112;1;9;
119014;112;1;9;
119015;112;1;9;
119016;112;1;9;
119017;112;1;9;
119018;112;1;9;
119019;112;1;9;
119020;112;1;9;
119021;112;1;9;
119022;112;1;9;
119023;112;1;9;
119024;112;1;9;
119025;112;1;9;
119026;112;1;9;
119099;112;1;9;
119100;112;1;9;
119101;112;1;9;
119102;112;1;9;
119103;112;1;9;
119104;112;1;9;
119105;112;1;9;
119106;112;1;9;
119107;112;1;9;
119108;112;1;9;
119109;112;1;9;
119110;112;1;9;
119111;112;1;9;
119112;112;1;9;
119113;112;1;9;
119114;112;1;9;
119115;112;1;9;
119116;112;1;9;
119117;112;1;9;
119118;112;1;9;
119119;112;1;9;
119120;112;1;9;
119121;112;1;9;
119122;112;1;9;
119123;112;1;9;
119124;112;1;9;
119125;112;1;9;
119126;112;1;9;
119127;112;1;9;
119128;112;1;9;
119129;112;1;9;
119130;112;1;9;
119131;112;1;9;
119132;112;1;9;
119133;112;1;9;
119134;112;1;9;
119135;112;1;9;
119136;112;1;9;
119137;112;1;9;
119138;112;1;9;
119139;112;1;9;
119140;112;1;9;
119141;112;1;9;
119142;112;1;9;
119143;112;1;9;
119144;112;1;9;
119145;112;1;9;
119146;112;1;9;
119147;112;1;9;
119196;112;1;9;
119197;112;1;9;
119198;112;1;9;
119199;112;1;9;
119200;112;1;9;
119201;112;1;9;
119202;112;1;9;
119203;112;1;9;
119204;112;1;9;
119205;112;1;9;
119206;112;1;9;
119207;112;1;9;
119208;112;1;9;
119209;112;1;9;
119210;112;1;9;
119211;112;1;9;
119212;112;1;9;
119213;112;1;9;
119214;112;1;9;
119215;112;1;9;
119216;112;1;9;
119217;112;1;9;
119218;112;1;9;
119297;112;1;9;
119298;112;1;9;
119299;112;1;9;
121000;111;2;10;
121001;111;2;10;
121002;111;2;10;
121003;111;2;10;
121004;111;2;10;
121005;111;2;10;
121006;111;2;10;
121007;111;2;10;
121008;111;2;10;
121009;111;2;10;
121010;111;2;10;
121011;111;2;10;
121012;111;2;10;
121013;111;2;10;
121014;111;2;10;
121099;111;2;10;
122000;114;2;11;
122001;114;2;11;
122002;114;2;11;
122003;114;2;11;
122004;114;2;11;
122005;114;2;11;
122006;114;2;11;
122007;114;2;11;
122008;114;2;11;
122009;114;2;11;
122097;114;2;11;
122098;114;2;11;
122099;114;2;11;
122100;114;2;11;
122101;114;2;11;
122102;114;2;11;
122103;114;2;11;
122104;114;2;11;
122105;114;2;11;
122199;114;2;11;
211000;113;2;12;
211001;113;2;12;
211002;113;2;12;
211003;113;2;12;
211004;113;2;12;
211005;113;2;12;
211006;113;2;12;
211007;113;2;12;
211008;113;2;12;
211009;113;2;12;
211010;113;2;12;
211011;113;2;12;
211012;113;2;12;
211013;113;2;12;
211014;113;2;12;
211015;113;2;12;
211099;113;2;12;
212000;113;2;13;
212001;113;2;13;
212002;113;2;13;
212003;113;2;13;
212004;113;2;13;
212005;113;2;13;
212006;113;2;13;
212007;113;2;13;
212008;113;2;13;
212009;113;2;13;
212099;113;2;13;
213000;113;2;14;
213001;113;2;14;
213002;113;2;14;
213003;113;2;14;
213004;113;2;14;
221000;115;4;47;
221001;115;4;47;
221002;115;4;47;
221003;115;4;47;
221004;115;4;47;
221005;115;4;47;
221006;115;4;47;
231000;115;4;16;
231001;115;4;16;
231002;115;4;16;
231003;115;4;16;
231004;115;4;16;
231005;115;4;16;
231006;115;4;16;
231007;115;4;16;
231008;115;4;16;
231099;115;4;16;
311000;117;5;19;
311001;117;5;19;
311002;117;5;19;
311003;117;5;19;
311004;117;5;19;
311005;117;5;19;
311006;117;5;19;
311007;117;5;19;
311008;117;5;19;
311009;117;5;19;
311010;117;5;19;
311011;117;5;19;
311012;117;5;19;
311013;117;5;19;
311014;117;5;19;
311015;117;5;19;
311016;117;5;19;
311017;117;5;19;
311018;117;5;19;
311019;117;5;19;
311020;117;5;19;
311021;117;5;19;
311022;117;5;19;
311023;117;5;19;
311024;117;5;19;
311025;117;5;19;
311026;117;5;19;
311027;117;5;19;
311028;117;5;19;
311029;117;5;19;
311030;117;5;19;
311031;117;5;19;
311032;117;5;19;
311033;117;5;19;
311034;117;5;19;
311035;117;5;19;
311036;117;5;19;
311037;117;5;19;
311038;117;5;19;
311039;117;5;19;
311040;117;5;19;
311041;117;5;19;
311042;117;5;19;
311043;117;5;19;
311044;117;5;19;
311099;117;5;19;
312000;119;5;19;
312001;119;5;19;
312002;119;5;19;
312003;119;5;19;
312004;119;5;19;
312005;119;5;19;
312006;119;5;19;
312007;119;5;19;
312008;119;5;19;
312009;119;5;19;
312010;119;5;19;
312011;119;5;19;
312012;119;5;19;
312013;119;5;19;
312014;119;5;19;
312015;119;5;19;
312016;119;5;19;
312017;119;5;19;
312018;119;5;19;
312019;119;5;19;
312020;119;5;19;
312021;119;5;19;
312022;119;5;19;
312023;119;5;19;
312024;119;5;19;
312025;119;5;19;
312026;119;5;19;
312027;119;5;19;
312028;119;5;19;
312029;119;5;19;
312030;119;5;19;
312031;119;5;19;
312032;119;5;19;
312033;119;5;19;
312034;119;5;19;
312099;119;5;19;
312100;119;5;19;
312101;119;5;19;
312102;119;5;19;
312103;119;5;19;
312104;119;5;19;
312105;119;5;19;
312106;119;5;19;
312107;119;5;19;
312108;119;5;19;
312109;119;5;19;
312110;119;5;19;
312111;119;5;19;
312112;119;5;19;
312113;119;5;19;
312114;119;5;19;
312115;119;5;19;
312116;119;5;19;
312117;119;5;19;
312118;119;5;19;
312119;119;5;19;
312120;119;5;19;
312121;119;5;19;
312122;119;5;19;
312123;119;5;19;
312124;119;5;19;
312125;119;5;19;
312126;119;5;19;
312127;119;5;19;
312128;119;5;19;
312129;119;5;19;
312130;119;5;19;
312131;119;5;19;
312132;119;5;19;
312133;119;5;19;
312134;119;5;19;
312135;119;5;19;
312136;119;5;19;
312137;119;5;19;
312138;119;5;19;
312139;119;5;19;
312140;119;5;19;
312141;119;5;19;
312142;119;5;19;
312143;119;5;19;
312144;119;5;19;
312145;119;5;19;
312146;119;5;19;
312147;119;5;19;
312148;119;5;19;
312149;119;5;19;
312150;119;5;19;
312151;119;5;19;
312152;119;5;19;
312153;119;5;19;
312199;119;5;19;
312200;119;5;19;
312201;119;5;19;
312202;119;5;19;
312203;119;5;19;
312204;119;5;19;
312205;119;5;19;
312206;119;5;19;
312207;119;5;19;
312208;119;5;19;
312209;119;5;19;
312210;119;5;19;
312211;119;5;19;
312212;119;5;19;
312213;119;5;19;
312214;119;5;19;
312215;119;5;19;
312216;119;5;19;
312217;119;5;19;
312218;119;5;19;
312219;119;5;19;
312220;119;5;19;
312221;119;5;19;
312222;119;5;19;
312223;119;5;19;
312224;119;5;19;
312225;119;5;19;
312226;119;5;19;
312227;119;5;19;
312228;119;5;19;
312229;119;5;19;
312230;119;5;19;
312231;119;5;19;
312232;119;5;19;
312233;119;5;19;
312234;119;5;19;
312235;119;5;19;
312236;119;5;19;
312237;119;5;19;
312238;119;5;19;
312239;119;5;19;
312240;119;5;19;
312241;119;5;19;
312242;119;5;19;
312243;119;5;19;
312244;119;5;19;
312245;119;5;19;
312246;119;5;19;
312247;119;5;19;
312248;119;5;19;
312249;119;5;19;
312250;119;5;19;
312299;119;5;19;
312300;119;5;19;
312301;119;5;19;
312302;119;5;19;
312303;119;5;19;
312304;119;5;19;
312305;119;5;19;
312306;119;5;19;
312307;119;5;19;
312308;119;5;19;
312309;119;5;19;
312310;119;5;19;
312311;119;5;19;
312312;119;5;19;
312313;119;5;19;
312314;119;5;19;
312315;119;5;19;
312316;119;5;19;
312317;119;5;19;
312318;119;5;19;
312319;119;5;19;
312320;119;5;19;
312321;119;5;19;
312322;119;5;19;
312323;119;5;19;
312324;119;5;19;
312325;119;5;19;
312326;119;5;19;
312327;119;5;19;
312328;119;5;19;
312329;119;5;19;
312330;119;5;19;
312331;119;5;19;
312332;119;5;19;
312333;119;5;19;
312334;119;5;19;
312335;119;5;19;
312336;119;5;19;
312337;119;5;19;
312338;119;5;19;
312339;119;5;19;
312399;119;5;19;
313000;119;5;19;
313001;119;5;19;
313002;119;5;19;
313003;119;5;19;
313004;119;5;19;
313005;119;5;19;
313006;119;5;19;
313007;119;5;19;
313008;119;5;19;
313009;119;5;19;
313010;119;5;19;
313011;119;5;19;
313012;119;5;19;
313013;119;5;19;
313014;119;5;19;
313015;119;5;19;
313016;119;5;19;
313017;119;5;19;
313018;119;5;19;
313019;119;5;19;
313020;119;5;19;
313021;119;5;19;
313022;119;5;19;
313023;119;5;19;
313024;119;5;19;
313025;119;5;19;
313026;119;5;19;
313027;119;5;19;
313028;119;5;19;
313029;119;5;19;
313030;119;5;19;
313031;119;5;19;
313032;119;5;19;
313033;119;5;19;
313034;119;5;19;
313035;119;5;19;
313098;119;5;19;
313099;119;5;19;
314000;217;5;19;
314001;217;5;19;
314002;217;5;19;
314003;217;5;19;
314004;217;5;19;
314005;217;5;19;
314006;217;5;19;
315000;119;5;19;
315001;119;5;19;
315002;119;5;19;
315003;119;5;19;
315004;119;5;19;
315005;119;5;19;
315006;119;5;19;
315007;119;5;19;
315008;119;5;19;
315009;119;5;19;
315010;119;5;19;
315011;119;5;19;
315012;119;5;19;
315013;119;5;19;
315014;119;5;19;
315015;119;5;19;
315016;119;5;19;
315017;119;5;19;
315018;119;5;19;
315019;119;5;19;
315020;119;5;19;
315021;119;5;19;
315022;119;5;19;
315023;119;5;19;
315024;119;5;19;
315025;119;5;19;
315026;119;5;19;
315099;119;5;19;
321000;122;5;19;
321001;122;5;19;
321002;122;5;19;
321003;122;5;19;
321004;122;5;19;
321005;122;5;19;
321006;122;5;19;
321007;122;5;19;
321008;122;5;19;
321009;122;5;19;
321010;122;5;19;
321011;122;5;19;
321012;122;5;19;
321013;122;5;19;
321014;122;5;19;
321015;122;5;19;
321099;122;5;19;
321100;122;5;19;
321101;122;5;19;
321102;122;5;19;
321103;122;5;19;
321104;122;5;19;
321105;122;5;19;
321106;122;5;19;
321107;122;5;19;
321108;122;5;19;
321109;122;5;19;
321110;122;5;19;
321111;122;5;19;
321112;122;5;19;
321113;122;5;19;
321114;122;5;19;
321115;122;5;19;
321116;122;5;19;
321199;122;5;19;
321200;122;5;19;
321201;122;5;19;
321202;122;5;19;
321203;122;5;19;
321204;122;5;19;
321205;122;5;19;
321206;122;5;19;
321207;122;5;19;
321208;122;5;19;
321209;122;5;19;
321210;122;5;19;
321211;122;5;19;
321212;122;5;19;
321213;122;5;19;
321214;122;5;19;
321215;122;5;19;
321216;122;5;19;
321299;122;5;19;
321300;122;5;19;
321301;122;5;19;
321302;122;5;19;
321303;122;5;19;
321304;122;5;19;
321305;122;5;19;
321306;122;5;19;
321307;122;5;19;
321308;122;5;19;
321309;122;5;19;
321310;122;5;19;
321311;122;5;19;
321312;122;5;19;
321313;122;5;19;
321314;122;5;19;
321315;122;5;19;
321399;122;5;19;
322000;217;5;19;
322001;217;5;19;
322002;217;5;19;
322003;217;5;19;
411000;206;3;15;
411001;206;3;15;
411002;206;3;15;
411003;206;3;15;
412000;206;3;15;
412001;206;3;15;
412002;206;3;15;
412003;206;3;15;
421000;207;4;16;
421001;207;4;16;
422000;207;4;16;
422001;207;4;16;
422002;207;4;16;
423000;207;4;16;
423001;207;4;16;
431000;124;3;17;
431001;124;3;17;
431002;124;3;17;
431003;124;3;17;
431004;124;3;17;
431005;124;3;17;
431006;124;3;17;
431007;124;3;17;
431008;124;3;17;
431009;124;3;17;
431010;124;3;17;
431011;124;3;17;
431012;124;3;17;
431013;124;3;17;
431014;124;3;17;
431015;124;3;17;
431016;124;3;17;
431017;124;3;17;
431018;124;3;17;
431019;124;3;17;
431020;124;3;17;
431021;124;3;17;
431022;124;3;17;
431023;124;3;17;
431024;124;3;17;
431025;124;3;17;
431026;124;3;17;
431027;124;3;17;
431028;124;3;17;
431029;124;3;17;
431030;124;3;17;
431031;124;3;17;
431032;124;3;17;
431033;124;3;17;
431034;124;3;17;
431035;124;3;17;
431036;124;3;17;
431037;124;3;17;
431038;124;3;17;
431039;124;3;17;
431040;124;3;17;
431041;124;3;17;
431042;124;3;17;
431043;124;3;17;
431044;124;3;17;
431045;124;3;17;
431046;124;3;17;
431047;124;3;17;
431048;124;3;17;
431049;124;3;17;
431050;124;3;17;
431051;124;3;17;
431052;124;3;17;
431053;124;3;17;
431054;124;3;17;
431055;124;3;17;
431056;124;3;17;
431057;124;3;17;
431058;124;3;17;
431059;124;3;17;
431060;124;3;17;
431061;124;3;17;
431062;124;3;17;
431063;124;3;17;
431064;124;3;17;
431065;124;3;17;
431099;124;3;17;
432000;217;3;17;
432001;217;3;17;
432002;217;3;17;
432003;217;3;17;
432004;217;3;17;
432005;217;3;17;
432006;217;3;17;
432007;217;3;17;
432008;217;3;17;
432099;217;3;17;
441000;177;3;18;
441001;177;3;18;
441002;177;3;18;
441003;177;3;18;
441004;177;3;18;
441099;177;3;18;
442000;245;3;18;
442001;245;3;18;
442002;245;3;18;
442099;245;3;18;
443000;245;3;18;
443001;245;3;18;
443002;245;3;18;
444000;245;3;18;
444001;245;3;18;
444002;245;3;18;
444003;245;3;18;
444004;245;3;18;
444005;245;3;18;
444006;245;3;18;
444007;245;3;18;
444008;245;3;18;
444009;245;3;18;
444010;245;3;18;
444099;245;3;18;
451000;176;8;23;
451001;165;4;16;
451002;176;8;23;
452000;134;9;24;
452001;134;9;24;
452002;134;9;24;
452003;134;9;24;
452099;76;4;16;
453000;76;4;16;
453001;76;4;16;
453002;76;4;16;
453003;76;4;16;
453099;76;4;16;
454000;64;4;16;
454001;64;4;16;
454002;64;4;16;
454003;64;4;16;
454004;64;4;16;
454005;64;4;16;
454099;64;4;16;
455000;177;4;16;
455001;177;4;16;
455002;177;4;16;
455003;177;4;16;
455004;177;4;16;
511000;170;6;20;
511001;170;6;20;
511002;170;6;20;
511003;170;6;20;
511004;170;6;20;
511005;170;6;20;
511006;170;6;20;
511007;170;6;20;
511008;170;6;20;
511009;170;6;20;
511010;170;6;20;
511011;170;6;20;
511012;170;6;20;
511013;170;6;20;
511014;170;6;20;
511015;170;6;20;
511016;170;6;20;
511099;170;6;20;
511100;170;6;20;
511101;170;6;20;
511102;170;6;20;
511103;170;6;20;
511104;170;6;20;
511105;170;6;20;
511106;170;6;20;
511107;170;6;20;
511108;170;6;20;
511109;170;6;20;
511110;170;6;20;
511111;170;6;20;
511112;170;6;20;
511113;170;6;20;
511114;170;6;20;
511199;170;6;20;
511200;170;6;20;
511201;170;6;20;
511202;170;6;20;
511203;170;6;20;
511204;170;6;20;
511205;170;6;20;
511206;170;6;20;
511207;170;6;20;
511208;170;6;20;
511209;170;6;20;
511210;170;6;20;
511211;170;6;20;
511212;170;6;20;
511213;170;6;20;
511214;170;6;20;
511299;170;6;20;
511300;170;6;20;
511301;170;6;20;
511302;170;6;20;
511303;170;6;20;
511304;170;6;20;
511305;170;6;20;
511306;170;6;20;
511307;170;6;20;
511308;170;6;20;
511309;170;6;20;
511310;170;6;20;
511311;170;6;20;
511312;170;6;20;
511313;170;6;20;
511314;170;6;20;
511315;170;6;20;
511399;170;6;20;
511400;170;6;20;
511401;170;6;20;
511402;170;6;20;
511403;170;6;20;
511404;170;6;20;
511405;170;6;20;
511406;170;6;20;
511499;170;6;20;
511500;170;6;20;
511501;170;6;20;
511502;170;6;20;
511503;170;6;20;
511504;170;6;20;
511599;170;6;20;
511600;170;6;20;
511601;170;6;20;
511602;170;6;20;
511603;170;6;20;
511604;170;6;20;
511605;170;6;20;
511606;170;6;20;
511607;170;6;20;
511608;170;6;20;
511609;170;6;20;
511610;170;6;20;
511611;170;6;20;
511612;170;6;20;
511613;170;6;20;
511614;170;6;20;
511699;170;6;20;
512000;117;6;20;
512001;117;6;20;
512002;117;6;20;
512003;117;6;20;
512004;117;6;20;
512005;117;6;20;
512099;117;6;20;
513000;224;6;20;
513001;224;6;20;
513002;224;6;20;
513003;224;6;20;
513004;224;6;20;
513005;224;6;20;
513006;224;6;20;
513007;224;6;20;
513008;224;6;20;
513009;224;6;20;
513010;224;6;20;
513099;224;6;20;
514000;213;6;20;
514001;213;6;20;
514002;213;6;20;
514003;213;6;20;
521000;117;6;20;
521001;117;6;20;
521002;117;6;20;
521003;117;6;20;
521004;117;6;20;
521005;117;6;20;
521006;117;6;20;
521007;117;6;20;
521008;117;6;20;
521009;117;6;20;
521010;117;6;20;
521011;117;6;20;
521012;117;6;20;
521013;117;6;20;
521014;117;6;20;
521015;117;6;20;
521016;117;6;20;
521017;117;6;20;
521018;117;6;20;
521019;117;6;20;
521020;117;6;20;
521021;117;6;20;
521022;117;6;20;
521023;117;6;20;
521024;117;6;20;
521025;117;6;20;
521026;117;6;20;
521027;117;6;20;
521028;117;6;20;
521029;117;6;20;
521030;117;6;20;
521031;117;6;20;
521032;117;6;20;
521033;117;6;20;
521034;117;6;20;
521035;117;6;20;
521036;117;6;20;
521037;117;6;20;
521038;117;6;20;
521039;117;6;20;
521040;117;6;20;
521099;117;6;20;
531000;162;6;20;
531001;162;6;20;
531002;162;6;20;
531003;162;6;20;
531004;162;6;20;
531005;162;6;20;
531006;162;6;20;
531007;162;6;20;
531008;162;6;20;
531009;162;6;20;
531010;162;6;20;
531011;162;6;20;
531012;162;6;20;
531013;162;6;20;
531014;162;6;20;
531015;162;6;20;
531016;162;6;20;
531017;162;6;20;
531018;162;6;20;
531019;162;6;20;
531020;162;6;20;
531021;162;6;20;
531022;162;6;20;
531023;162;6;20;
531024;162;6;20;
531025;162;6;20;
531026;162;6;20;
531027;162;6;20;
531028;162;6;20;
531029;162;6;20;
531030;162;6;20;
531031;162;6;20;
531032;162;6;20;
531033;162;6;20;
531034;162;6;20;
531035;162;6;20;
531036;162;6;20;
531037;162;6;20;
531038;162;6;20;
531039;162;6;20;
531040;162;6;20;
531041;162;6;20;
531042;162;6;20;
531043;162;6;20;
531044;162;6;20;
531045;162;6;20;
531046;162;6;20;
531099;162;6;20;
532000;162;6;20;
532001;162;6;20;
532002;162;6;20;
532003;162;6;20;
532004;162;6;20;
532005;162;6;20;
532006;162;6;20;
532007;162;6;20;
532008;162;6;20;
532009;162;6;20;
532010;162;6;20;
532011;162;6;20;
532012;162;6;20;
532013;162;6;20;
532014;162;6;20;
532015;162;6;20;
532016;162;6;20;
532017;162;6;20;
532018;162;6;20;
532019;162;6;20;
532020;162;6;20;
532021;162;6;20;
532022;162;6;20;
532023;162;6;20;
532024;162;6;20;
532025;162;6;20;
532026;162;6;20;
532027;162;6;20;
532028;162;6;20;
532029;162;6;20;
532030;162;6;20;
532031;162;6;20;
532032;162;6;20;
532033;162;6;20;
532034;162;6;20;
532035;162;6;20;
532036;162;6;20;
532037;162;6;20;
532038;162;6;20;
532099;162;6;20;
533000;224;6;20;
533001;224;6;20;
533002;224;6;20;
541000;148;6;20;
541001;148;6;20;
541002;148;6;20;
541003;148;6;20;
541004;148;6;20;
541005;148;6;20;
541006;148;6;20;
541007;148;6;20;
541008;148;6;20;
541009;148;6;20;
541010;148;6;20;
541011;148;6;20;
541012;148;6;20;
541013;148;6;20;
541014;148;6;20;
541015;148;6;20;
541016;148;6;20;
541017;148;6;20;
541018;148;6;20;
541019;148;6;20;
541020;148;6;20;
541021;148;6;20;
541022;148;6;20;
541023;148;6;20;
541024;148;6;20;
541025;148;6;20;
541026;148;6;20;
541027;148;6;20;
541028;148;6;20;
541029;148;6;20;
541030;148;6;20;
541031;148;6;20;
541032;148;6;20;
541033;148;6;20;
541034;148;6;20;
541035;148;6;20;
541036;148;6;20;
541037;148;6;20;
541038;148;6;20;
541099;148;6;20;
541100;148;6;20;
541101;148;6;20;
541102;148;6;20;
541103;148;6;20;
541104;148;6;20;
541105;148;6;20;
541106;148;6;20;
541107;148;6;20;
541108;148;6;20;
541109;148;6;20;
541110;148;6;20;
541111;148;6;20;
541112;148;6;20;
541113;148;6;20;
541114;148;6;20;
541115;148;6;20;
541116;148;6;20;
541117;148;6;20;
541118;148;6;20;
541119;148;6;20;
541199;148;6;20;
541200;148;6;20;
541201;148;6;20;
541202;148;6;20;
541203;148;6;20;
541204;148;6;20;
541205;148;6;20;
541206;148;6;20;
541207;148;6;20;
541208;148;6;20;
541209;148;6;20;
541210;148;6;20;
541211;148;6;20;
541212;148;6;20;
541213;148;6;20;
541214;148;6;20;
541215;148;6;20;
541216;148;6;20;
541217;148;6;20;
541218;148;6;20;
541219;148;6;20;
541220;148;6;20;
541221;148;6;20;
541222;148;6;20;
541223;148;6;20;
541224;148;6;20;
541225;148;6;20;
541226;148;6;20;
541227;148;6;20;
541228;148;6;20;
541229;148;6;20;
541230;148;6;20;
541231;148;6;20;
541232;148;6;20;
541233;148;6;20;
541234;148;6;20;
541235;148;6;20;
541236;148;6;20;
541237;148;6;20;
541238;148;6;20;
541239;148;6;20;
541240;148;6;20;
541241;148;6;20;
541242;148;6;20;
541243;148;6;20;
541244;148;6;20;
541245;148;6;20;
541246;148;6;20;
541247;148;6;20;
541248;148;6;20;
541249;148;6;20;
541250;148;6;20;
541251;148;6;20;
541252;148;6;20;
541253;148;6;20;
541254;148;6;20;
541255;148;6;20;
541256;148;6;20;
541257;148;6;20;
541258;148;6;20;
541259;148;6;20;
541260;148;6;20;
541261;148;6;20;
541262;148;6;20;
541263;148;6;20;
541264;148;6;20;
541265;148;6;20;
541266;148;6;20;
541267;148;6;20;
541268;148;6;20;
541269;148;6;20;
541270;148;6;20;
541271;148;6;20;
541272;148;6;20;
541273;148;6;20;
541274;148;6;20;
541275;148;6;20;
541276;148;6;20;
541277;148;6;20;
541278;148;6;20;
541279;148;6;20;
541280;148;6;20;
541281;148;6;20;
541282;148;6;20;
541283;148;6;20;
541284;148;6;20;
541285;148;6;20;
541286;148;6;20;
541287;148;6;20;
541288;148;6;20;
541289;148;6;20;
541290;148;6;20;
541291;148;6;20;
541292;148;6;20;
541293;148;6;20;
541294;148;6;20;
541295;148;6;20;
541296;148;6;20;
541297;148;6;20;
541298;148;6;20;
541299;148;6;20;
551000;157;6;20;
551001;157;6;20;
551002;157;6;20;
551003;157;6;20;
551004;157;6;20;
551005;157;6;20;
551006;157;6;20;
551007;157;6;20;
551008;157;6;20;
551009;157;6;20;
551010;157;6;20;
551011;157;6;20;
551012;157;6;20;
551013;157;6;20;
551014;157;6;20;
551199;157;6;20;
552000;157;6;20;
552001;157;6;20;
552002;157;6;20;
552003;157;6;20;
552004;157;6;20;
552005;157;6;20;
552006;157;6;20;
552007;157;6;20;
552008;157;6;20;
552009;157;6;20;
552010;157;6;20;
552011;157;6;20;
552012;157;6;20;
552013;157;6;20;
552014;157;6;20;
552015;157;6;20;
552016;157;6;20;
552017;157;6;20;
552018;157;6;20;
552019;157;6;20;
552020;157;6;20;
552021;157;6;20;
552022;157;6;20;
552023;157;6;20;
552024;157;6;20;
552025;157;6;20;
552026;157;6;20;
552027;157;6;20;
552028;157;6;20;
552029;157;6;20;
552030;157;6;20;
552031;157;6;20;
552032;157;6;20;
552033;157;6;20;
552034;157;6;20;
552035;157;6;20;
552036;157;6;20;
552037;157;6;20;
552038;157;6;20;
552039;157;6;20;
552040;157;6;20;
552041;157;6;20;
552042;157;6;20;
552043;157;6;20;
552044;157;6;20;
552045;157;6;20;
552046;157;6;20;
552047;157;6;20;
552048;157;6;20;
552049;157;6;20;
552050;157;6;20;
552051;157;6;20;
552052;157;6;20;
552053;157;6;20;
552054;157;6;20;
552055;157;6;20;
552056;157;6;20;
552057;157;6;20;
552058;157;6;20;
552059;157;6;20;
552060;157;6;20;
552099;157;6;20;
561000;142;7;21;
561001;142;7;21;
561002;142;7;21;
561003;142;7;21;
561004;142;7;21;
561005;142;7;21;
561006;142;7;21;
561007;142;7;21;
561008;142;7;21;
561009;142;7;21;
561010;142;7;21;
561011;142;7;21;
561012;142;7;21;
561013;142;7;21;
561014;142;7;21;
561015;142;7;21;
561016;142;7;21;
561017;140;7;21;
561018;140;7;21;
561019;142;7;21;
561020;142;7;21;
561021;142;7;21;
561022;140;7;21;
561023;140;7;21;
561024;140;7;21;
561025;140;7;21;
561026;140;7;21;
561027;142;7;21;
561028;142;7;21;
561029;142;7;21;
561030;142;7;21;
561031;142;7;21;
561032;142;7;21;
561033;142;7;21;
561034;142;7;21;
561035;140;7;21;
561036;142;7;21;
561037;142;7;21;
561038;142;7;21;
561099;142;7;21;
561100;142;7;21;
561101;143;7;21;
561102;157;7;21;
561103;146;7;21;
561104;142;7;21;
561105;157;7;21;
561106;142;7;21;
561107;142;7;21;
561108;142;7;21;
561109;142;7;21;
561110;157;7;21;
561111;146;7;21;
561112;116;7;21;
561113;157;7;21;
561114;146;7;21;
561115;143;7;21;
561116;142;7;21;
561117;142;7;21;
561118;142;7;21;
561119;157;7;21;
561120;127;7;21;
561121;129;7;21;
561122;146;7;21;
561123;143;7;21;
561124;143;7;21;
561125;157;7;21;
561126;146;7;21;
561127;116;7;21;
561128;157;7;21;
561129;146;7;21;
561130;129;7;21;
561131;129;7;21;
561132;143;7;21;
561133;127;7;21;
561134;157;7;21;
561135;127;7;21;
561136;157;7;21;
561137;146;7;21;
561138;146;7;21;
561139;157;7;21;
561140;127;7;21;
561141;157;7;21;
561142;146;7;21;
561143;157;7;21;
561144;127;7;21;
561145;157;7;21;
561146;143;7;21;
561147;143;7;21;
561148;157;7;21;
561149;146;7;21;
561150;173;7;21;
561199;173;7;21;
562000;245;7;22;
562001;245;7;22;
562002;245;7;22;
562003;245;7;22;
562004;245;7;22;
562005;245;7;22;
562006;245;7;22;
562007;245;7;22;
562008;245;7;22;
562009;245;7;22;
562010;245;7;22;
562011;245;7;22;
562012;245;7;22;
562013;245;7;22;
562014;245;7;22;
562099;245;7;22;
562100;245;7;22;
562101;245;7;22;
562200;245;7;22;
562201;245;7;22;
562202;245;7;22;
562203;245;7;22;
562204;245;7;22;
562205;245;7;22;
562206;245;7;22;
562207;245;7;22;
562208;245;7;22;
562209;245;7;22;
562210;245;7;22;
562211;245;7;22;
562212;245;7;22;
562213;245;7;22;
562214;245;7;22;
562215;245;7;22;
562299;245;7;22;
611000;139;15;33;
611001;139;15;33;
611002;139;15;33;
611003;139;15;33;
611004;139;15;33;
611005;139;15;33;
611006;139;15;33;
611007;139;15;33;
611008;139;15;33;
611009;139;15;33;
611010;139;15;33;
611011;139;15;33;
611012;139;15;33;
611013;139;15;33;
611014;139;15;33;
611015;139;15;33;
611016;139;15;33;
611017;139;15;33;
611018;139;15;33;
611019;139;15;33;
611020;139;15;33;
611021;139;15;33;
611022;139;15;33;
611023;139;15;33;
611024;139;15;33;
611025;139;15;33;
611026;139;15;33;
611027;139;15;33;
611028;139;15;33;
611029;139;15;33;
611030;139;15;33;
611031;139;15;33;
611032;139;15;33;
611033;139;15;33;
611034;139;15;33;
611035;139;15;33;
611036;139;15;33;
611037;139;15;33;
611038;139;15;33;
611039;139;15;33;
611040;139;15;33;
611041;139;15;33;
611042;139;15;33;
611043;139;15;33;
611044;139;15;33;
611045;139;15;33;
611046;139;15;33;
611047;139;15;33;
611048;139;15;33;
611049;139;15;33;
611050;139;15;33;
611051;139;15;33;
611052;139;15;33;
611053;139;15;33;
611054;139;15;33;
611055;139;15;33;
611056;139;15;33;
611057;139;15;33;
611058;139;15;33;
611059;139;15;33;
611060;139;15;33;
611061;139;15;33;
611099;139;15;33;
612000;139;15;33;
612001;139;15;33;
612002;139;15;33;
612003;139;15;33;
612004;139;15;33;
612005;139;15;33;
612006;139;15;33;
612007;139;15;33;
612008;139;15;33;
612009;139;15;33;
612010;139;15;33;
612011;139;15;33;
612012;139;15;33;
612013;139;15;33;
612014;139;15;33;
612015;139;15;33;
612016;139;15;33;
612017;139;15;33;
612018;139;15;33;
612019;139;15;33;
612020;139;15;33;
612021;139;15;33;
612022;139;15;33;
612023;139;15;33;
612024;139;15;33;
612025;139;15;33;
612026;139;15;33;
612027;139;15;33;
612099;139;15;33;
613000;139;15;33;
613001;139;15;33;
613002;139;15;33;
613003;139;15;33;
613004;139;15;33;
613005;139;15;33;
613006;139;15;33;
613007;139;15;33;
613008;139;15;33;
613009;139;15;33;
613010;139;15;33;
613011;139;15;33;
613012;139;15;33;
613013;139;15;33;
613014;139;15;33;
613015;139;15;33;
613016;139;15;33;
613017;139;15;33;
613018;139;15;33;
613019;139;15;33;
613020;139;15;33;
613021;139;15;33;
613022;139;15;33;
613023;139;15;33;
613024;139;15;33;
613025;139;15;33;
613026;139;15;33;
613027;139;15;33;
613028;139;15;33;
613029;139;15;33;
613030;139;15;33;
613031;139;15;33;
613032;139;15;33;
613099;139;15;33;
621000;240;15;34;
621001;240;15;34;
621002;240;15;34;
621003;240;15;34;
622000;240;15;34;
622001;240;15;34;
622002;240;15;34;
622003;240;15;34;
622099;240;15;34;
623000;240;15;34;
623001;240;15;34;
623002;240;15;34;
623003;240;15;34;
623004;240;15;34;
623005;240;15;34;
623006;240;15;34;
623007;240;15;34;
623008;240;15;34;
623009;240;15;34;
623010;240;15;34;
623011;240;15;34;
623012;240;15;34;
623013;240;15;34;
623014;240;15;34;
623015;240;15;34;
623016;240;15;34;
623017;240;15;34;
623018;240;15;34;
623019;240;15;34;
623020;240;15;34;
623021;240;15;34;
623022;240;15;34;
623023;240;15;34;
623024;240;15;34;
623025;240;15;34;
623026;240;15;34;
623027;240;15;34;
623028;240;15;34;
623029;240;15;34;
623030;240;15;34;
623031;240;15;34;
623032;240;15;34;
623099;240;15;34;
631000;240;15;34;
631001;240;15;34;
711000;168;6;25;
711001;168;6;25;
711002;168;6;25;
711003;168;6;25;
711004;168;6;25;
711005;168;6;25;
711006;168;6;25;
711007;168;6;25;
711008;168;6;25;
711099;168;6;25;
712000;168;6;25;
712001;168;6;25;
712002;168;6;25;
712003;168;6;25;
712004;168;6;25;
712005;168;6;25;
712006;168;6;25;
712007;168;6;25;
712008;168;6;25;
713000;168;6;25;
713001;168;6;25;
713002;168;6;25;
713003;168;6;25;
714000;168;6;25;
714001;168;6;25;
714002;168;6;25;
714003;168;6;25;
714004;168;6;25;
714005;168;6;25;
714006;168;6;25;
714007;168;6;25;
714099;168;6;25;
721000;169;6;25;
721001;169;6;25;
721002;169;6;25;
721003;169;6;25;
721004;169;6;25;
721005;169;6;25;
721006;169;6;25;
721007;169;6;25;
721008;169;6;25;
721009;169;6;25;
721010;169;6;25;
721011;169;6;25;
721012;169;6;25;
721013;169;6;25;
721014;169;6;25;
721015;169;6;25;
721016;169;6;25;
721017;169;6;25;
721018;169;6;25;
721019;169;6;25;
721020;169;6;25;
721021;169;6;25;
721022;169;6;25;
721023;169;6;25;
721024;169;6;25;
721025;169;6;25;
721026;169;6;25;
721027;169;6;25;
721028;169;6;25;
721029;169;6;25;
721030;169;6;25;
721031;169;6;25;
721032;169;6;25;
721033;169;6;25;
721034;169;6;25;
721035;169;6;25;
721036;169;6;25;
721037;169;6;25;
721038;169;6;25;
721039;169;6;25;
721040;169;6;25;
721096;169;6;25;
721097;169;6;25;
721098;169;6;25;
721099;169;6;25;
722000;130;10;16;
722001;131;11;26;
722002;134;9;24;
722003;130;10;27;
722004;130;10;28;
722005;130;10;29;
722100;131;11;26;
722101;131;11;26;
722102;131;11;26;
722103;131;11;26;
722104;131;11;26;
722105;131;11;26;
722106;131;11;26;
722107;131;11;26;
722199;131;11;26;
723000;182;6;30;
723001;182;6;30;
723002;182;6;30;
723003;182;6;30;
723004;182;6;30;
723005;182;6;30;
723006;182;6;30;
723007;182;6;30;
723008;182;6;30;
723009;182;6;30;
723010;182;6;30;
723011;182;6;30;
723099;182;6;30;
724000;195;4;16;
724001;195;4;16;
724002;195;4;16;
724003;195;4;16;
724004;195;4;16;
724099;195;4;16;
725000;195;4;16;
725001;195;4;16;
725002;195;4;16;
731000;187;4;16;
731001;187;4;16;
731002;187;4;16;
731003;187;4;16;
732000;185;4;16;
732001;185;12;31;1
732002;185;12;31;
732003;185;12;31;
732004;185;12;31;
732005;185;13;31;1
732006;185;12;31;1
732007;185;12;31;
732008;185;12;31;
732009;185;14;31;1
732010;185;14;31;
732011;185;14;31;
732012;185;12;31;1
732099;185;12;31;
733000;190;4;32;
733001;190;4;32;
733002;190;4;32;
733003;190;4;32;
733004;190;4;32;
734000;189;4;16;
734001;189;4;16;
734002;189;4;16;
734003;189;4;16;
734004;189;4;16;
734005;189;4;16;
734006;189;4;16;
734007;189;4;16;
734008;189;4;16;
734099;189;4;16;
735000;185;4;16;
735001;185;4;16;
736000;195;4;16;
736001;195;4;16;
736002;195;4;16;
736003;195;4;16;
736004;195;4;16;
736005;195;4;16;
736006;195;4;16;
736007;195;4;16;
736008;195;4;16;
736099;195;4;16;
811000;196;19;45;
811001;196;19;45;
811002;196;19;45;
811099;196;19;45;
821000;166;19;45;
821001;166;19;45;
821002;166;19;45;
821003;166;19;45;
821004;166;19;45;
821005;166;19;45;
821006;166;19;45;
821007;166;19;45;
821008;166;19;45;
821009;166;19;45;
821010;166;19;45;
821011;166;19;45;
821099;166;19;45;
831000;197;19;45;
831001;197;19;45;
831002;197;19;45;
831003;197;19;45;
831004;197;19;45;
831005;197;19;45;
831006;197;19;45;
831007;197;19;45;
831008;197;19;45;
831009;197;19;45;
831010;197;19;45;
831011;197;19;45;
831012;197;19;45;
831013;197;19;45;
831014;197;19;45;
831015;197;19;45;
831016;197;19;45;
831017;197;19;45;
831018;197;19;45;
831019;197;19;45;
831020;197;19;45;
831021;197;19;45;
831022;197;19;45;
831099;197;19;45;
911000;162;6;35;
911001;162;6;35;
911002;162;6;35;
911003;162;6;35;
911004;162;6;35;
911005;162;6;35;
911006;162;6;35;
911007;162;6;35;
911008;162;6;35;
911009;162;6;35;
911010;162;6;35;
911011;162;6;35;
911012;162;6;35;
911013;162;6;35;
911014;162;6;35;
911015;162;6;35;
911016;162;6;35;
911017;162;6;35;
911018;162;6;35;
911019;162;6;35;
911020;162;6;35;
911021;162;6;35;
911022;162;6;35;
911023;162;6;35;
911024;162;6;35;
911025;162;6;35;
911026;162;6;35;
911027;162;6;35;
911028;162;6;35;
911029;162;6;35;
911030;162;6;35;
911031;162;6;35;
911032;162;6;35;
911033;162;6;35;
911034;162;6;35;
911035;162;6;35;
911036;162;6;35;
911037;162;6;35;
911038;162;6;35;
911099;162;6;35;
912000;162;6;35;
912001;162;6;35;
912002;162;6;35;
912003;162;6;35;
912004;162;6;35;
912005;162;6;35;
912006;162;6;35;
912007;162;6;35;
912008;162;6;35;
912009;162;6;35;
912010;162;6;35;
912011;162;6;35;
912012;162;6;35;
912013;162;6;35;
912014;162;6;35;
912015;162;6;35;
912016;162;6;35;
912017;162;6;35;
912099;162;6;35;
913000;164;6;35;
913001;164;6;35;
913002;164;6;35;
913003;164;6;35;
913004;164;6;35;
913005;164;6;35;
913006;164;6;35;
913007;164;6;35;
913008;164;6;35;
913009;164;6;35;
913010;164;6;35;
913011;164;6;35;
913012;164;6;35;
913013;164;6;35;
913014;164;6;35;
913015;164;6;35;
913016;164;6;35;
913017;164;6;35;
913018;164;6;35;
913019;164;6;35;
913020;164;6;35;
913021;164;6;35;
913022;164;6;35;
913023;164;6;35;
913024;164;6;35;
913025;164;6;35;
913026;164;6;35;
913027;164;6;35;
913028;164;6;35;
913029;164;6;35;
913030;164;6;35;
913031;164;6;35;
913032;164;6;35;
913098;164;6;35;
913099;164;6;35;
914000;164;6;35;
914001;164;6;35;
914002;164;6;35;
914003;164;6;35;
914004;164;6;35;
914005;164;6;35;
914006;164;6;35;
914007;164;6;35;
914008;164;6;35;
914009;164;6;35;
914010;164;6;35;
914011;164;6;35;
914012;164;6;35;
914013;164;6;35;
914014;164;6;35;
914015;164;6;35;
914016;164;6;35;
914017;164;6;35;
914018;164;6;35;
914099;164;6;35;
915000;224;16;36;
915001;224;16;36;
915002;224;16;36;
915003;224;16;36;
915004;224;16;36;
915005;224;16;36;
915006;224;16;36;
915007;224;16;36;
915008;224;16;36;
915009;224;16;36;
915010;224;16;36;
915011;224;16;36;
915099;224;16;36;
921000;146;6;35;
921001;146;6;35;
921002;146;6;35;
921003;146;6;35;
921004;146;6;35;
921005;146;6;35;
921006;146;6;35;
921007;146;6;35;
921008;146;6;35;
921009;146;6;35;
921010;146;6;35;
921011;146;6;35;
921012;146;6;35;
921013;146;6;35;
921014;146;6;35;
921015;146;6;35;
921016;146;6;35;
921017;146;6;35;
921018;146;6;35;
921019;146;6;35;
921020;146;6;35;
921021;146;6;35;
921022;146;6;35;
921023;146;6;35;
921099;146;6;35;
922000;162;6;35;
922001;162;6;35;
922002;162;6;35;
922003;162;6;35;
922004;162;6;35;
922005;162;6;35;
922006;162;6;35;
922007;162;6;35;
922008;162;6;35;
922009;162;6;35;
922010;162;6;35;
922011;162;6;35;
922012;162;6;35;
922013;162;6;35;
922014;162;6;35;
922015;162;6;35;
922016;162;6;35;
922017;162;6;35;
922018;162;6;35;
922019;162;6;35;
922020;162;6;35;
922021;162;6;35;
922022;162;6;35;
922023;162;6;35;
922024;162;6;35;
922025;162;6;35;
922026;162;6;35;
922027;162;6;35;
922028;162;6;35;
922029;162;6;35;
922030;162;6;35;
922031;162;6;35;
922099;162;6;35;
923000;224;16;36;
923001;224;16;36;
923002;224;16;36;
923003;224;16;36;
923004;224;16;36;
923005;224;16;36;
923006;224;16;36;
923007;224;16;36;
923008;224;16;36;
923009;224;16;36;
923010;224;16;36;
923011;224;16;36;
923012;224;16;36;
923099;224;16;36;
931000;146;16;21;
931001;146;16;21;
931002;146;16;21;
931003;146;16;21;
931004;146;16;21;
931005;146;16;21;
931006;146;16;21;
931007;146;16;21;
931008;146;16;21;
931009;146;16;21;
931010;146;16;21;
931011;146;16;21;
931012;146;16;21;
931013;146;16;21;
931014;146;16;21;
931015;146;16;21;
931016;146;16;21;
931017;146;16;21;
931018;146;16;21;
931019;146;16;21;
931020;146;16;21;
931021;146;16;21;
931022;146;16;21;
931023;146;16;21;
931024;146;16;21;
931025;146;16;21;
931026;146;16;21;
931027;146;16;21;
931028;146;16;21;
931029;146;16;21;
931030;146;16;21;
931031;146;16;21;
931032;146;16;21;
931033;146;16;21;
931034;146;16;21;
931035;146;16;21;
931036;146;16;21;
931037;146;16;21;
931038;146;16;21;
931039;146;16;21;
931040;146;16;21;
931041;146;16;21;
931042;146;16;21;
931043;146;16;21;
931044;146;16;21;
931045;146;16;21;
931046;146;16;21;
931047;146;16;21;
931048;146;16;21;
931049;146;16;21;
931050;146;16;21;
931098;146;16;21;
931099;146;16;21;
932000;146;16;21;
932001;146;16;21;
932002;146;16;21;
932003;146;16;21;
932004;146;16;21;
932005;146;16;21;
932006;146;16;21;
932007;146;16;21;
932008;146;16;21;
932009;146;16;21;
932010;146;16;21;
932011;146;16;21;
932012;146;16;21;
932013;146;16;21;
932014;146;16;21;
932015;146;16;21;
932016;146;16;21;
932017;146;16;21;
932018;146;16;21;
932019;146;16;21;
932020;146;16;21;
932021;146;16;21;
932022;146;16;21;
932023;146;16;21;
932024;146;16;21;
932025;146;16;21;
932026;146;16;21;
932027;146;16;21;
932028;146;16;21;
932029;146;16;21;
932030;146;16;21;
932031;146;16;21;
932032;146;16;21;
932033;146;16;21;
932034;146;16;21;
932035;146;16;21;
932036;146;16;21;
932037;146;16;21;
932038;146;16;21;
932039;146;16;21;
932040;146;16;21;
932041;146;16;21;
932042;146;16;21;
932043;146;16;21;
932044;146;16;21;
932045;146;16;21;
932046;146;16;21;
932047;146;16;21;
932048;146;16;21;
932049;146;16;21;
932050;146;16;21;
932051;146;16;21;
932052;146;16;21;
932053;146;16;21;
932054;146;16;21;
932055;146;16;21;
932056;146;16;21;
932099;146;16;21;
933000;14;16;21;
933001;14;16;21;
933002;14;16;21;
933003;14;16;21;
933004;14;16;21;
933005;14;16;21;
933006;14;16;21;
933007;14;16;21;
933008;14;16;21;
933009;14;16;21;
933010;14;16;21;
933011;14;16;21;
933012;14;16;21;
933013;14;16;21;
933014;14;16;21;
933015;14;16;21;
933016;14;16;21;
933099;14;16;21;
934000;60;16;21;
934001;60;16;21;
934002;60;16;21;
934003;60;16;21;
934004;60;16;21;
934005;60;16;21;
934006;60;16;21;
934007;60;16;21;
934008;60;16;21;
934009;60;16;21;
934010;60;16;21;
934011;60;16;21;
934012;60;16;21;
934013;60;16;21;
934014;60;16;21;
934015;60;16;21;
934016;60;16;21;
934017;60;16;21;
934018;60;16;21;
934019;60;16;21;
934020;60;16;21;
934021;60;16;21;
934022;60;16;21;
934023;60;16;21;
934024;60;16;21;
934099;60;16;21;
935000;218;16;36;
935001;218;16;36;
935002;218;16;36;
935003;218;16;36;
935004;218;16;36;
935005;218;16;36;
935006;218;16;36;
935007;218;16;36;
935099;218;16;36;
941000;242;16;36;
941001;242;16;36;
941002;242;16;36;
941003;242;16;36;
941004;242;16;36;
941005;242;16;36;
941006;242;16;36;
941007;242;16;36;
941008;242;16;36;
941009;242;16;36;
941010;242;16;36;
941011;242;16;36;
941012;242;16;36;
941013;242;16;36;
941014;242;16;36;
941015;242;16;36;
941016;242;16;36;
941017;242;16;36;
941018;242;16;36;
941019;242;16;36;
941020;242;16;36;
941021;242;16;36;
941022;242;16;36;
941023;242;16;36;
941024;242;16;36;
941025;242;16;36;
941026;242;16;36;
941027;242;16;36;
941028;242;16;36;
941029;242;16;36;
941030;242;16;36;
941031;242;16;36;
941032;242;16;36;
941099;242;16;36;
942000;242;16;36;
942001;242;16;36;
942002;242;16;36;
942003;242;16;36;
942004;242;16;36;
942005;242;16;36;
942006;242;16;36;
942007;242;16;36;
942008;242;16;36;
942009;242;16;36;
942010;242;16;36;
942011;242;16;36;
942012;242;16;36;
942013;242;16;36;
942014;242;16;36;
942015;242;16;36;
942016;242;16;36;
942017;242;16;36;
942018;242;16;36;
942019;242;16;36;
942020;242;16;36;
942021;242;16;36;
942022;242;16;36;
942023;242;16;36;
942024;242;16;36;
942025;242;16;36;
942099;242;16;36;
943000;242;16;36;
943001;242;16;36;
943002;242;16;36;
943003;242;16;36;
943004;242;16;36;
943005;242;16;36;
943006;242;16;36;
943007;242;16;36;
943008;242;16;36;
943099;242;16;36;
951000;129;16;37;
951001;129;16;37;
951002;129;16;37;
951003;129;16;37;
951004;129;16;37;
951005;129;16;37;
951006;129;16;37;
951007;129;16;37;
951008;129;16;37;
951009;129;16;37;
951010;129;16;37;
951011;129;16;37;
951012;129;16;37;
951013;129;16;37;
951014;129;16;37;
951015;129;16;37;
951016;129;16;37;
951017;129;16;37;
951018;129;16;37;
951019;129;16;37;
951020;129;16;37;
951021;129;16;37;
951022;129;16;37;
951023;129;16;37;
951024;129;16;37;
951099;129;16;37;
952000;129;16;37;
952001;129;16;37;
952002;129;16;37;
952003;129;16;37;
952004;129;16;37;
952005;129;16;37;
952006;129;16;37;
952099;129;16;37;
953000;129;16;37;
953001;129;16;37;
953002;129;16;37;
953003;129;16;37;
953004;129;16;37;
953005;129;16;37;
953006;129;16;37;
953007;129;16;37;
953008;129;16;37;
953009;129;16;37;
953010;129;16;37;
953011;129;16;37;
953099;129;16;37;
954000;127;16;16;
954001;127;16;16;
954002;127;16;16;
954003;127;16;16;
954004;127;16;16;
954005;127;16;16;
954006;127;16;16;
954007;127;16;16;
954008;127;16;16;
954009;127;16;16;
954010;127;16;16;
954011;127;16;16;
954012;127;16;16;
954013;127;16;16;
954014;127;16;16;
954015;127;16;16;
954016;127;16;16;
954017;127;16;16;
954018;127;16;16;
954019;127;16;16;
954020;127;16;16;
954021;127;16;16;
954022;127;16;16;
954023;127;16;16;
954024;127;16;16;
954025;127;16;16;
954026;127;16;16;
954027;127;16;16;
954028;127;16;16;
954029;127;16;16;
954030;127;16;16;
954031;127;16;16;
954032;127;16;16;
954033;127;16;16;
954034;127;16;16;
954035;127;16;16;
954036;127;16;16;
954037;127;16;16;
954038;127;16;16;
954039;127;16;16;
954040;127;16;16;
954041;127;16;16;
954042;127;16;16;
954043;127;16;16;
954044;127;16;16;
954045;127;16;16;
954046;127;16;16;
954047;127;16;16;
954048;127;16;16;
954049;127;16;16;
954050;127;16;16;
954051;127;16;16;
954052;127;16;16;
954053;127;16;16;
954054;127;16;16;
954055;127;16;16;
954056;127;16;16;
954057;127;16;16;
954058;127;16;16;
954059;127;16;16;
954060;127;16;16;
954061;127;16;16;
954062;127;16;16;
954063;127;16;16;
954064;127;16;16;
954065;127;16;16;
954066;127;16;16;
954067;127;16;16;
954068;127;16;16;
954099;127;16;16;
955000;127;16;16;
955001;127;16;16;
961000;183;16;16;
961001;183;16;16;
961002;183;16;16;
961003;183;16;16;
961004;183;16;16;
961099;183;16;16;
1011000;233;20;46;
1011001;233;20;46;
1011002;233;20;46;
1011003;233;20;46;
1021000;234;20;46;
1021001;234;20;46;
1021002;234;20;46;
1021003;234;20;46;
1031000;231;20;46;
1031001;231;20;46;
1041000;235;20;46;
1041001;235;20;46;
1041002;235;20;46;
1041003;235;20;46;
1041004;235;20;46;
1041099;235;20;46;
1051000;231;20;46;
1051001;231;20;46;
1051002;231;20;46;
1051003;231;20;46;
1051004;231;20;46;
1051005;231;20;46;
1051006;231;20;46;
1051007;231;20;46;
1051008;231;20;46;
1051009;231;20;46;
1051010;231;20;46;
1051011;231;20;46;
1051012;231;20;46;
1051013;231;20;46;
1051014;231;20;46;
1051015;231;20;46;
1051016;231;20;46;
1051017;231;20;46;
1051018;231;20;46;
1051019;231;20;46;
1051020;231;20;46;
1051021;231;20;46;
1051022;231;20;46;
1051023;231;20;46;
1051024;231;20;46;
1051025;231;20;46;
1051026;231;20;46;
1051027;231;20;46;
1051028;231;20;46;
1051029;231;20;46;
1051030;231;20;46;
1051031;231;20;46;
1051032;231;20;46;
1051033;231;20;46;
1051034;231;20;46;
1051035;231;20;46;
1051036;231;20;46;
1051037;231;20;46;
1051099;231;20;46;
1061000;236;20;46;
1061001;236;20;46;
1061002;236;20;46;
1061003;236;20;46;
1061004;236;20;46;
1061005;236;20;46;
1061006;236;20;46;
1061007;236;20;46;
1061008;236;20;46;
1061009;236;20;46;
1061010;236;20;46;
1061011;236;20;46;
1111000;184;17;38;
1111001;184;17;38;
1111002;184;17;38;
1111003;184;17;38;
1111004;184;17;38;
1111005;184;17;38;
1111006;184;17;38;
1111007;184;17;38;
1111008;184;17;38;
1111009;184;17;38;
1111010;184;17;38;
1111011;184;17;38;
1111012;184;17;38;
1111013;184;17;38;
1111014;184;17;38;
1111015;184;17;38;
1111016;184;17;38;
1111017;184;17;38;
1111018;184;17;38;
1111019;184;17;38;
1111020;184;17;38;
1111021;184;17;38;
1111022;184;17;38;
1111023;184;17;38;
1111024;184;17;38;
1111025;184;17;38;
1111026;184;17;38;
1111027;184;17;38;
1111028;184;17;38;
1111029;184;17;38;
1111030;184;17;38;
1111031;184;17;38;
1111032;184;17;38;
1111033;184;17;38;
1111034;184;17;38;
1111035;184;17;38;
1111036;184;17;38;
1111037;184;17;38;
1111038;184;17;38;
1111039;184;17;38;
1111040;184;17;38;
1111041;184;17;38;
1111042;184;17;38;
1111043;184;17;38;
1111044;184;17;38;
1111045;184;17;38;
1111046;184;17;38;
1111047;184;17;38;
1111048;184;17;38;
1111049;184;17;38;
1111050;184;17;38;
1111051;184;17;38;
1111052;184;17;38;
1111053;184;17;38;
1111054;184;17;38;
1111055;184;17;38;
1111056;184;17;38;
1111057;184;17;38;
1111058;184;17;38;
1111059;184;17;38;
1111060;184;17;38;
1111061;184;17;38;
1111062;184;17;38;
1111063;184;17;38;
1111064;184;17;38;
1111065;184;17;38;
1111066;184;17;38;
1111067;184;17;38;
1111068;184;17;38;
1111069;184;17;38;
1111070;184;17;38;
1111071;184;17;38;
1111072;184;17;38;
1111073;184;17;38;
1111099;184;17;38;
1111100;184;17;38;
1111101;184;17;38;
1111102;184;17;38;
1111103;184;17;38;
1111104;184;17;38;
1111105;184;17;38;
1111106;184;17;38;
1111107;184;17;38;
1111108;184;17;38;
1111109;184;17;38;
1111110;184;17;38;
1111111;184;17;38;
1111112;184;17;38;
1111113;184;17;38;
1111114;184;17;38;
1111115;184;17;38;
1111116;184;17;38;
1111117;184;17;38;
1111118;184;17;38;
1111119;184;17;38;
1111120;184;17;38;
1111121;184;17;38;
1111122;184;17;38;
1111123;184;17;38;
1111124;184;17;38;
1111125;184;17;38;
1111126;184;17;38;
1111127;184;17;38;
1111128;184;17;38;
1111129;184;17;38;
1111130;184;17;38;
1111131;184;17;38;
1111132;184;17;38;
1111133;184;17;38;
1111134;184;17;38;
1111135;184;17;38;
1111136;184;17;38;
1111137;184;17;38;
1111138;184;17;38;
1111139;184;17;38;
1111140;184;17;38;
1111141;184;17;38;
1111142;184;17;38;
1111143;184;17;38;
1111144;184;17;38;
1111145;184;17;38;
1111146;184;17;38;
1111199;184;17;38;
1111200;184;17;38;
1111201;184;17;38;
1111202;184;17;38;
1111203;184;17;38;
1111204;184;17;38;
1111205;184;17;38;
1111206;184;17;38;
1111207;184;17;38;
1111208;184;17;38;
1111209;184;17;38;
1111210;184;17;38;
1111211;184;17;38;
1111212;184;17;38;
1111213;184;17;38;
1111214;184;17;38;
1111215;184;17;38;
1111216;184;17;38;
1111217;184;17;38;
1111218;184;17;38;
1111219;184;17;38;
1111220;184;17;38;
1111221;184;17;38;
1111222;184;17;38;
1111223;184;17;38;
1111224;184;17;38;
1111225;184;17;38;
1111226;184;17;38;
1111227;184;17;38;
1111228;184;17;38;
1111229;184;17;38;
1111230;184;17;38;
1111231;184;17;38;
1111232;184;17;38;
1111233;184;17;38;
1111234;184;17;38;
1111235;184;17;38;
1111236;184;17;38;
1111237;184;17;38;
1111238;184;17;38;
1111239;184;17;38;
1111240;184;17;38;
1111241;184;17;38;
1111242;184;17;38;
1111243;184;17;38;
1111244;184;17;38;
1111245;184;17;38;
1111246;184;17;38;
1111247;184;17;38;
1111248;184;17;38;
1111249;184;17;38;
1111250;184;17;38;
1111251;184;17;38;
1111252;184;17;38;
1111253;184;17;38;
1111254;184;17;38;
1111255;184;17;38;
1111256;184;17;38;
1111257;184;17;38;
1111258;184;17;38;
1111259;184;17;38;
1111260;184;17;38;
1111261;184;17;38;
1111262;184;17;38;
1111263;184;17;38;
1111264;184;17;38;
1111265;184;17;38;
1111266;184;17;38;
1111267;184;17;38;
1111268;184;17;38;
1111299;184;17;38;
1111300;184;17;38;
1111301;184;17;38;
1111302;184;17;38;
1111303;184;17;38;
1111304;184;17;38;
1111305;184;17;38;
1111306;184;17;38;
1111307;184;17;38;
1111308;184;17;38;
1111309;184;17;38;
1111310;184;17;38;
1111311;184;17;38;
1111312;184;17;38;
1111313;184;17;38;
1111314;184;17;38;
1111315;184;17;38;
1111316;184;17;38;
1111317;184;17;38;
1111318;184;17;38;
1111319;184;17;38;
1111320;184;17;38;
1111321;184;17;38;
1111399;184;17;38;
1111400;184;17;38;
1111401;184;17;38;
1111402;184;17;38;
1111403;184;17;38;
1111404;184;17;38;
1111405;184;17;38;
1111406;184;17;38;
1111407;184;17;38;
1111408;184;17;38;
1111409;184;17;38;
1111410;184;17;38;
1111411;184;17;38;
1111412;184;17;38;
1111413;184;17;38;
1111414;184;17;38;
1111415;184;17;38;
1111416;184;17;38;
1111417;184;17;38;
1111418;184;17;38;
1111419;184;17;38;
1111420;184;17;38;
1111499;184;17;38;
1112000;184;17;38;
1112001;184;17;38;
1112002;184;17;38;
1112003;184;17;38;
1112004;184;17;38;
1112099;184;17;38;
1121000;183;4;39;
1121001;183;4;39;
1121002;183;4;39;
1121003;183;4;39;
1121004;183;4;39;
1121005;183;4;39;
1121006;183;4;39;
1121007;183;4;39;
1121008;183;4;39;
1121009;183;4;39;
1121010;183;4;39;
1121011;183;4;39;
1121012;183;4;39;
1121013;183;4;39;
1121014;183;4;39;
1121015;183;4;39;
1121099;183;4;39;
1211000;217;18;40;
1211001;217;18;40;
1211002;217;18;40;
1211003;217;18;40;
1211004;217;18;40;
1211005;217;18;40;
1211006;217;18;40;
1211007;217;18;40;
1211008;217;18;40;
1211009;217;18;40;
1211010;217;18;40;
1211011;217;18;40;
1211012;217;18;40;
1211013;217;18;40;
1211014;217;18;40;
1211015;217;18;40;
1211016;217;18;40;
1211017;217;18;40;
1211018;217;18;40;
1211019;217;18;40;
1211020;217;18;40;
1211021;217;18;40;
1211022;217;18;40;
1211023;217;18;40;
1211099;217;18;40;
1212000;162;18;40;
1212001;162;18;40;
1212002;162;18;40;
1212003;162;18;40;
1212004;162;18;40;
1212005;162;18;40;
1212006;162;18;40;
1212007;162;18;40;
1212008;162;18;40;
1212009;162;18;40;
1212010;162;18;40;
1212099;162;18;40;
1213000;141;18;40;
1213001;141;18;40;
1213002;141;18;40;
1213003;141;18;40;
1213004;141;18;40;
1213005;141;18;40;
1213006;141;18;40;
1213007;141;18;40;
1213008;141;18;40;
1213009;141;18;40;
1213010;141;18;40;
1213011;141;18;40;
1213012;141;18;40;
1213013;141;18;40;
1213014;141;18;40;
1213015;141;18;40;
1213016;141;18;40;
1213017;141;18;40;
1213018;141;18;40;
1213019;141;18;40;
1213020;141;18;40;
1213021;141;18;40;
1213022;141;18;40;
1213023;141;18;40;
1213024;141;18;40;
1213025;141;18;40;
1213026;141;18;40;
1213027;141;18;40;
1213028;141;18;40;
1213029;141;18;40;
1213030;141;18;40;
1213031;141;18;40;
1213032;141;18;40;
1213033;141;18;40;
1213034;141;18;40;
1213035;141;18;40;
1213036;141;18;40;
1213037;141;18;40;
1213038;141;18;40;
1213039;141;18;40;
1213040;141;18;40;
1213041;141;18;40;
1213042;141;18;40;
1213043;141;18;40;
1213044;141;18;40;
1213045;141;18;40;
1213046;141;18;40;
1213047;141;18;40;
1213048;141;18;40;
1213049;141;18;40;
1213050;141;18;40;
1213051;141;18;40;
1213052;141;18;40;
1213053;141;18;40;
1213054;141;18;40;
1213055;141;18;40;
1213056;141;18;40;
1213057;141;18;40;
1213058;141;18;40;
1213059;141;18;40;
1213060;141;18;40;
1213061;141;18;40;
1213062;141;18;40;
1213063;141;18;40;
1213064;141;18;40;
1213065;141;18;40;
1213066;141;18;40;
1213067;141;18;40;
1213068;141;18;40;
1213069;141;18;40;
1213070;141;18;40;
1213071;141;18;40;
1213072;141;18;40;
1213073;141;18;40;
1213074;141;18;40;
1213075;141;18;40;
1213076;141;18;40;
1213077;141;18;40;
1213078;141;18;40;
1213079;141;18;40;
1213080;141;18;40;
1213081;141;18;40;
1213082;141;18;40;
1213083;141;18;40;
1213084;141;18;40;
1213085;141;18;40;
1213086;141;18;40;
1213087;141;18;40;
1213088;141;18;40;
1213089;141;18;40;
1213090;141;18;40;
1213097;141;18;40;
1213098;141;18;40;
1213099;141;18;40;
1221000;244;4;16;
1221001;244;4;16;
1221002;244;4;16;
1221003;244;4;16;
1221004;244;4;16;
1221099;244;4;16;
1231000;171;4;41;
1231001;171;4;41;
1231002;171;4;41;
1231003;171;4;41;
1231004;171;4;41;
1231005;171;4;41;
1231006;171;4;41;
1231007;171;4;41;
1231008;171;4;41;
1231009;171;4;41;
1231010;171;4;41;
1231011;171;4;41;
1231012;171;4;41;
1231013;171;4;41;
1231014;171;4;41;
1231015;171;4;41;
1231016;171;4;41;
1231017;171;4;41;
1231018;171;4;41;
1231019;171;4;41;
1231020;171;4;41;
1231021;171;4;41;
1231022;171;4;41;
1231023;171;4;41;
1231024;171;4;41;
1231025;171;4;41;
1231026;171;4;41;
1231027;171;4;41;
1231028;171;4;41;
1231029;171;4;41;
1231030;171;4;41;
1231031;171;4;41;
1231032;171;4;41;
1231033;171;4;41;
1231034;171;4;41;
1231035;171;4;41;
1231036;171;4;41;
1231037;171;4;41;
1231038;171;4;41;
1231039;171;4;41;
1231040;171;4;41;
1231041;171;4;41;
1231042;171;4;41;
1231043;171;4;41;
1231044;171;4;41;
1231045;171;4;41;
1231046;171;4;41;
1231047;171;4;41;
1231048;171;4;41;
1231049;171;4;41;
1231050;171;4;41;
1231051;171;4;41;
1231052;171;4;41;
1231053;171;4;41;
1231054;171;4;41;
1231055;171;4;41;
1231056;171;4;41;
1231057;171;4;41;
1231058;171;4;41;
1231059;171;4;41;
1231060;171;4;41;
1231061;171;4;41;
1231096;171;4;41;
1231097;171;4;41;
1231098;171;4;41;
1231099;171;4;41;
1232000;173;4;41;
1232001;173;4;41;
1232002;173;4;41;
1232003;173;4;41;
1232004;173;4;41;
1232005;173;4;41;
1232006;173;4;41;
1232007;173;4;41;
1232008;173;4;41;
1232009;173;4;41;
1232010;173;4;41;
1232011;173;4;41;
1232012;173;4;41;
1232013;173;4;41;
1232014;173;4;41;
1232015;173;4;41;
1232016;173;4;41;
1232017;173;4;41;
1232018;173;4;41;
1232019;173;4;41;
1232020;173;4;41;
1232021;173;4;41;
1232022;173;4;41;
1232023;173;4;41;
1232024;173;4;41;
1232025;173;4;41;
1232026;173;4;41;
1232027;173;4;41;
1232028;173;4;41;
1232029;173;4;41;
1232030;173;4;41;
1232031;173;4;41;
1232032;173;4;41;
1232033;173;4;41;
1232034;173;4;41;
1232035;173;4;41;
1232036;173;4;41;
1232037;173;4;41;
1232038;173;4;41;
1232039;173;4;41;
1232040;173;4;41;
1232099;173;4;41;
1241000;244;4;44;
1241001;244;4;44;
1241002;244;4;44;
1241003;244;4;44;
1241004;244;4;44;
1241005;244;4;44;
1241006;244;4;44;
1241007;244;4;44;
1241008;244;4;44;
1241009;244;4;44;
1241099;244;4;44;
1251000;203;4;42;
1251001;203;4;42;
1251002;203;4;42;
1251099;203;4;42;
1252000;205;4;42;
1252001;205;4;42;
1252002;205;4;42;
1252003;205;4;42;
1252004;205;4;42;
1252005;205;4;42;
1252006;205;4;42;
1252007;205;4;42;
1252099;205;4;42;
1253000;205;4;43;
1253001;205;4;43;
1253002;205;4;43;
1253003;205;4;43;
1253099;205;4;43;
1254000;205;4;42;
1254001;205;4;42;
1254002;205;4;42;
1254003;205;4;42;
1254004;205;4;42;
1254005;205;4;42;
1254099;205;4;42;
1255000;205;4;42;
1255001;205;4;42;
1255002;205;4;42;
1255003;205;4;42;
1255099;205;4;42;
1261000;199;4;42;
1261001;199;4;42;
1261002;199;4;42;
1261003;199;4;42;
1261004;199;4;42;
1261005;199;4;42;
1261006;199;4;42;
1261007;199;4;42;
1261008;199;4;42;
1261009;199;4;42;
1261010;199;4;42;
1261011;199;4;42;
1261012;199;4;42;
1261099;199;4;42;
1271000;217;4;42;
1271001;217;4;42;
1271002;217;4;42;
1271003;217;4;42;
1271004;217;4;42;
1271005;217;4;42;
1271006;217;4;42;
1271007;217;4;42;
1271008;217;4;42;
1271009;217;4;42;
1271010;217;4;42;
1271011;217;4;42;
1271012;217;4;42;
1271013;217;4;42;
1271014;217;4;42;
1271015;217;4;42;
1271016;217;4;42;
1271017;217;4;42;
1271018;217;4;42;
1271019;217;4;42;
1271020;217;4;42;
1271021;217;4;42;
1271022;217;4;42;
1271023;217;4;42;
1271024;217;4;42;
1271025;217;4;42;
1271026;217;4;42;
1271027;217;4;42;
1271028;217;4;42;
1271029;217;4;42;
1271030;217;4;42;
1271031;217;4;42;
1271032;217;4;42;
1271033;217;4;42;
1271034;217;4;42;
1271035;217;4;42;
1271098;217;4;42;
1271099;217;4;42;
1703097;51;21;48;
1704097;51;21;48;
1705097;51;21;48;
1706097;52;21;48;
1801001;180;22;49;
1801002;180;22;49;
1801003;180;22;49;
1801004;180;22;49;
